{
	"Loop": [
		false,
		true,
		true
	],
	"MaxFrame": [
		[
			3,
			40,
			5,
			10,
			25
		],
		[
			10,
			10,
			20,
			10,
			10,
			10,
			20,
			20
		],
		[
			2,
			2,
			2,
			2
		]
	],
	"MaxKey": [
		5,
		8,
		4
	],
	"MaxMotion": 3,
	"MaxParts": 1,
	"ModelType": [
		27
	],
	"ParentIdx": [
		-1
	],
	"PosOffset": [
		[
			0.0,
			0.0,
			0.0
		]
	],
	"PosTarget": [
		[
			[
				[
					0.0,
					-200.0,
					0.0
				]
			],
			[
				[
					0.0,
					-200.0,
					0.0
				]
			],
			[
				[
					0.0,
					225.0,
					0.0
				]
			],
			[
				[
					0.0,
					200.0,
					0.0
				]
			],
			[
				[
					0.0,
					0.0,
					0.0
				]
			]
		],
		[
			[
				[
					0.0,
					0.0,
					0.0
				]
			],
			[
				[
					0.0,
					-4.5,
					0.0
				]
			],
			[
				[
					0.0,
					-5.0,
					0.0
				]
			],
			[
				[
					0.0,
					-4.5,
					0.0
				]
			],
			[
				[
					0.0,
					0.0,
					0.0
				]
			],
			[
				[
					0.0,
					4.5,
					0.0
				]
			],
			[
				[
					0.0,
					5.0,
					0.0
				]
			],
			[
				[
					0.0,
					4.5,
					0.0
				]
			]
		],
		[
			[
				[
					-1.0,
					-1.0,
					-1.0
				]
			],
			[
				[
					1.0,
					-1.0,
					-1.0
				]
			],
			[
				[
					-1.0,
					1.0,
					-1.0
				]
			],
			[
				[
					-1.0,
					-1.0,
					1.0
				]
			]
		]
	],
	"RotOffset": [
		[
			0.0,
			0.0,
			0.0
		]
	],
	"RotTarget": [
		[
			[
				[
					0.0,
					0.0,
					0.0
				]
			],
			[
				[
					0.0,
					0.0,
					0.0
				]
			],
			[
				[
					0.0,
					0.0,
					0.0
				]
			],
			[
				[
					0.0,
					0.0,
					0.0
				]
			],
			[
				[
					0.0,
					0.0,
					0.0
				]
			]
		],
		[
			[
				[
					0.0,
					0.0,
					-0.10000000149011612
				]
			],
			[
				[
					0.0,
					-0.05000000074505806,
					-0.10000000149011612
				]
			],
			[
				[
					0.0,
					-0.07500000298023224,
					-0.10000000149011612
				]
			],
			[
				[
					0.0,
					-0.05000000074505806,
					0.0
				]
			],
			[
				[
					0.0,
					0.0,
					0.10000000149011612
				]
			],
			[
				[
					0.0,
					-0.05000000074505806,
					0.10000000149011612
				]
			],
			[
				[
					0.0,
					-0.07500000298023224,
					0.10000000149011612
				]
			],
			[
				[
					0.0,
					-0.05000000074505806,
					0.0
				]
			]
		],
		[
			[
				[
					0.0,
					0.0,
					0.0
				]
			],
			[
				[
					0.0,
					0.0,
					0.0
				]
			],
			[
				[
					0.0,
					0.0,
					0.0
				]
			],
			[
				[
					0.0,
					0.0,
					0.0
				]
			]
		]
	],
	"ScaleOffset": [
		10.0,
		10.0,
		10.0
	],
	"ScaleTarget": [
		[
			[
				[
					1.0,
					1.0,
					1.0
				]
			],
			[
				[
					1.0,
					1.0,
					1.0
				]
			],
			[
				[
					10.0,
					10.0,
					10.0
				]
			],
			[
				[
					8.0,
					8.0,
					8.0
				]
			],
			[
				[
					2.0,
					2.0,
					2.0
				]
			]
		],
		[
			[
				[
					1.0,
					1.0,
					1.0
				]
			],
			[
				[
					1.0,
					1.0,
					1.0
				]
			],
			[
				[
					1.0,
					1.0,
					1.0
				]
			],
			[
				[
					1.0,
					1.0,
					1.0
				]
			],
			[
				[
					1.0,
					1.0,
					1.0
				]
			],
			[
				[
					1.0,
					1.0,
					1.0
				]
			],
			[
				[
					1.0,
					1.0,
					1.0
				]
			],
			[
				[
					1.0,
					1.0,
					1.0
				]
			]
		],
		[
			[
				[
					1.100000023841858,
					1.0,
					1.0
				]
			],
			[
				[
					0.8999999761581421,
					1.0,
					1.0
				]
			],
			[
				[
					1.0,
					1.100000023841858,
					1.0
				]
			],
			[
				[
					1.0,
					0.8999999761581421,
					1.0
				]
			]
		]
	]
}