{
	"Loop": [
		false,
		false
	],
	"MaxFrame": [
		[
			5,
			5
		],
		[
			5,
			50,
			5,
			5,
			1
		]
	],
	"MaxKey": [
		2,
		5
	],
	"MaxMotion": 2,
	"MaxParts": 10,
	"ModelType": [
		17,
		18,
		19,
		20,
		21,
		22,
		23,
		24,
		25,
		26
	],
	"ParentIdx": [
		-1,
		0,
		0,
		0,
		0,
		0,
		0,
		0,
		0,
		0
	],
	"PosOffset": [
		[
			0.0,
			0.0,
			0.0
		],
		[
			0.0,
			0.0,
			0.0
		],
		[
			0.0,
			0.0,
			0.0
		],
		[
			0.0,
			0.0,
			0.0
		],
		[
			0.0,
			0.0,
			0.0
		],
		[
			0.0,
			0.0,
			0.0
		],
		[
			0.0,
			0.0,
			0.0
		],
		[
			0.0,
			0.0,
			0.0
		],
		[
			0.0,
			0.0,
			0.0
		],
		[
			0.0,
			0.0,
			0.0
		]
	],
	"PosTarget": [
		[
			[
				[
					0.0,
					0.0,
					0.0
				],
				[
					0.0,
					0.0,
					0.0
				],
				[
					0.0,
					0.0,
					0.0
				],
				[
					0.0,
					0.0,
					0.0
				],
				[
					0.0,
					0.0,
					0.0
				],
				[
					0.0,
					0.0,
					0.0
				],
				[
					0.0,
					0.0,
					0.0
				],
				[
					0.0,
					0.0,
					0.0
				],
				[
					0.0,
					0.0,
					0.0
				],
				[
					0.0,
					0.0,
					0.0
				]
			],
			[
				[
					0.0,
					0.0,
					0.0
				],
				[
					0.07999999821186066,
					0.2199999988079071,
					-0.10000000149011612
				],
				[
					0.23000000417232513,
					0.05999999865889549,
					0.18000000715255737
				],
				[
					0.15000000596046448,
					0.12999999523162842,
					0.10999999940395355
				],
				[
					-0.10999999940395355,
					-0.07999999821186066,
					0.15000000596046448
				],
				[
					0.0,
					0.15000000596046448,
					0.0
				],
				[
					0.0,
					-0.28999999165534973,
					0.0
				],
				[
					0.0,
					0.23000000417232513,
					0.0
				],
				[
					0.0,
					-0.1899999976158142,
					0.0
				],
				[
					0.0,
					-0.1899999976158142,
					0.0
				]
			]
		],
		[
			[
				[
					0.0,
					0.0,
					0.0
				],
				[
					0.0,
					-0.18000000715255737,
					0.0
				],
				[
					0.0,
					-1.0800000429153442,
					0.0
				],
				[
					0.0,
					0.0,
					0.0
				],
				[
					0.0,
					0.0,
					0.0
				],
				[
					0.0,
					0.0,
					0.0
				],
				[
					0.0,
					0.0,
					0.0
				],
				[
					0.0,
					0.0,
					0.0
				],
				[
					0.0,
					0.0,
					0.0
				],
				[
					0.0,
					0.0,
					0.0
				]
			],
			[
				[
					0.0,
					0.0,
					0.0
				],
				[
					0.1899999976158142,
					0.46000000834465027,
					-2.5299999713897705
				],
				[
					2.0199999809265137,
					0.5899999737739563,
					-3.490000009536743
				],
				[
					0.0,
					1.2300000190734863,
					1.7200000286102295
				],
				[
					-2.180000066757202,
					0.30000001192092896,
					2.559999942779541
				],
				[
					0.7900000214576721,
					1.4500000476837158,
					-0.8500000238418579
				],
				[
					0.6399999856948853,
					2.9200000762939453,
					1.090000033378601
				],
				[
					0.0,
					2.4600000381469727,
					0.4699999988079071
				],
				[
					-0.11999999731779099,
					2.9200000762939453,
					-0.36000001430511475
				],
				[
					0.0,
					1.8300000429153442,
					0.0
				]
			],
			[
				[
					0.0,
					0.0,
					0.0
				],
				[
					0.0,
					-4.230000019073486,
					0.0
				],
				[
					0.0,
					-4.659999847412109,
					0.0
				],
				[
					0.0,
					-4.03000020980835,
					0.0
				],
				[
					0.0,
					-4.369999885559082,
					0.0
				],
				[
					2.5,
					4.889999866485596,
					-4.059999942779541
				],
				[
					-0.05999999865889549,
					9.050000190734863,
					5.260000228881836
				],
				[
					-0.1599999964237213,
					4.659999847412109,
					4.96999979019165
				],
				[
					-4.360000133514404,
					2.2300000190734863,
					-4.090000152587891
				],
				[
					-0.4699999988079071,
					12.479999542236328,
					4.78000020980835
				]
			],
			[
				[
					0.0,
					0.0,
					0.0
				],
				[
					0.0,
					-4.510000228881836,
					0.0
				],
				[
					0.0,
					-5.170000076293945,
					0.0
				],
				[
					0.0,
					-4.210000038146973,
					0.0
				],
				[
					0.0,
					-4.96999979019165,
					0.0
				],
				[
					8.800000190734863,
					0.3499999940395355,
					-2.690000057220459
				],
				[
					5.03000020980835,
					2.0399999618530273,
					9.710000038146973
				],
				[
					-5.519999980926514,
					0.9300000071525574,
					9.680000305175781
				],
				[
					-6.21999979019165,
					-0.49000000953674316,
					-4.920000076293945
				],
				[
					0.10000000149011612,
					25.079999923706055,
					14.59000015258789
				]
			],
			[
				[
					0.0,
					0.0,
					0.0
				],
				[
					0.0,
					0.0,
					0.0
				],
				[
					0.0,
					0.0,
					0.0
				],
				[
					0.0,
					0.0,
					0.0
				],
				[
					0.0,
					0.0,
					0.0
				],
				[
					0.0,
					0.0,
					0.0
				],
				[
					0.0,
					0.0,
					0.0
				],
				[
					0.0,
					0.0,
					0.0
				],
				[
					0.0,
					0.0,
					0.0
				],
				[
					0.0,
					0.0,
					0.0
				]
			]
		]
	],
	"RotOffset": [
		[
			0.0,
			0.0,
			0.0
		],
		[
			0.0,
			0.0,
			0.0
		],
		[
			0.0,
			0.0,
			0.0
		],
		[
			0.0,
			0.0,
			0.0
		],
		[
			0.0,
			0.0,
			0.0
		],
		[
			0.0,
			0.0,
			0.0
		],
		[
			0.0,
			0.0,
			0.0
		],
		[
			0.0,
			0.0,
			0.0
		],
		[
			0.0,
			0.0,
			0.0
		],
		[
			0.0,
			0.0,
			0.0
		]
	],