{
	"Loop": [
		false
	],
	"MaxFrame": [
		1
	],
	"MaxKey": 1,
	"MaxMotion": 1,
	"MaxParts": 11,
	"ModelType": [
		4,
		5,
		6,
		7,
		8,
		9,
		10,
		11,
		12,
		13,
		14
	],
	"ParentIdx": [
		-1,
		0,
		1,
		0,
		3,
		0,
		5,
		1,
		7,
		1,
		9
	],
	"PosOffset": [
		[
			0.0,
			0.0,
			0.0
		],
		[
			0.0,
			-0.3,
			-0.73
		],
		[
			0.1,
			3.35,
			0.35
		],
		[
			-0.84,
			-1.95,
			-0.56
		],
		[
			0.1225,
			-3.45,
			-0.035
		],
		[
			0.84,
			-1.95,
			-0.56
		],
		[
			-0.1225,
			-3.45,
			-0.035
		],
		[
			-1.0,
			2.1,
			0.48
		],
		[
			-2.84,
			0.175,
			-0.32
		],
		[
			1.0,
			2.1,
			0.48
		],
		[
			2.84,
			0.175,
			-0.32
		]
	],
	"PosTarget": [
		[
			[
				0.0,
				0.0,
				0.0
			],
			[
				0.0,
				0.0,
				0.0
			],
			[
				0.0,
				0.0,
				0.0
			],
			[
				0.0,
				0.0,
				0.0
			],
			[
				0.0,
				0.0,
				0.0
			],
			[
				0.0,
				0.0,
				0.0
			],
			[
				0.0,
				0.0,
				0.0
			],
			[
				0.20000001788139343,
				0.4000000059604645,
				0.0
			],
			[
				0.0,
				0.0,
				0.0
			],
			[
				0.0,
				0.0,
				0.0
			],
			[
				0.0,
				0.0,
				0.0
			]
		]
	],
	"RotTarget": [
		[
			[
				0.0,
				0.0,
				0.0
			],
			[
				0.0,
				0.0,
				0.0
			],
			[
				0.0,
				0.0,
				0.0
			],
			[
				0.0,
				0.0,
				0.0
			],
			[
				0.0,
				0.0,
				0.0
			],
			[
				0.0,
				0.0,
				0.0
			],
			[
				0.0,
				0.0,
				0.0
			],
			[
				5.960464477539063e-08,
				5.960464477539063e-08,
				1.0995573997497559
			],
			[
				0.0,
				0.0,
				0.0
			],
			[
				0.0,
				0.0,
				0.0
			],
			[
				0.0,
				0.0,
				0.0
			]
		]
	],
	"ScaleTarget": [
		[
			[
				1.0,
				1.0,
				1.0
			],
			[
				1.0,
				1.0,
				1.0
			],
			[
				1.0,
				1.0,
				1.0
			],
			[
				1.0,
				1.0,
				1.0
			],
			[
				1.0,
				1.0,
				1.0
			],
			[
				1.0,
				1.0,
				1.0
			],
			[
				1.0,
				1.0,
				1.0
			],
			[
				1.0,
				1.0,
				1.0
			],
			[
				1.0,
				1.0,
				1.0
			],
			[
				1.0,
				1.0,
				1.0
			],
			[
				1.0,
				1.0,
				1.0
			]
		]
	]
}