{
	"Loop": [
		true,
		true,
		true
	],
	"MaxFrame": [
		[
			1,
			250,
			1,
			250
		],
		[
			3,
			3,
			3,
			3,
			3,
			3,
			3,
			3
		],
		[
			2,
			10,
			10
		]
	],
	"MaxKey": [
		4,
		8,
		3
	],
	"MaxMotion": 3,
	"MaxParts": 2,
	"ModelType": [
		12,
		13
	],
	"ParentIdx": [
		-1,
		0
	],
	"PosOffset": [
		[
			0.0,
			0.0,
			0.0
		],
		[
			-1.100000023841858,
			-3.5,
			-0.75
		]
	],
	"PosTarget": [
		[
			[
				[
					0.0,
					0.0,
					0.0
				],
				[
					0.0,
					0.0,
					0.0
				]
			],
			[
				[
					0.0,
					0.0,
					0.0
				],
				[
					-0.10000000149011612,
					0.30000001192092896,
					0.20000000298023224
				]
			],
			[
				[
					0.0,
					0.0,
					0.0
				],
				[
					-0.10000000149011612,
					0.30000001192092896,
					0.20000000298023224
				]
			],
			[
				[
					0.0,
					0.0,
					0.0
				],
				[
					0.0,
					0.0,
					0.0
				]
			]
		],
		[
			[
				[
					0.0,
					0.0,
					0.0
				],
				[
					-0.10000000149011612,
					-0.10000000149011612,
					-0.10000000149011612
				]
			],
			[
				[
					0.0,
					0.0,
					0.0
				],
				[
					0.10000000149011612,
					-0.10000000149011612,
					-0.10000000149011612
				]
			],
			[
				[
					0.0,
					0.0,
					0.0
				],
				[
					-0.10000000149011612,
					0.10000000149011612,
					-0.10000000149011612
				]
			],
			[
				[
					0.0,
					0.0,
					0.0
				],
				[
					-0.10000000149011612,
					-0.10000000149011612,
					0.10000000149011612
				]
			],
			[
				[
					0.0,
					0.0,
					0.0
				],
				[
					0.10000000149011612,
					0.10000000149011612,
					-0.10000000149011612
				]
			],
			[
				[
					0.0,
					0.0,
					0.0
				],
				[
					0.10000000149011612,
					-0.10000000149011612,
					0.10000000149011612
				]
			],
			[
				[
					0.0,
					0.0,
					0.0
				],
				[
					-0.10000000149011612,
					0.10000000149011612,
					0.10000000149011612
				]
			],
			[
				[
					0.0,
					0.0,
					0.0
				],
				[
					-0.10000000149011612,
					-0.10000000149011612,
					-0.10000000149011612
				]
			]
		],
		[
			[
				[
					0.0,
					0.0,
					0.0
				],
				[
					0.0,
					0.0,
					0.0
				]
			],
			[
				[
					0.0,
					0.0,
					0.0
				],
				[
					0.0,
					0.0,
					0.0
				]
			],
			[
				[
					0.0,
					0.0,
					0.0
				],
				[
					0.0,
					0.0,
					0.0
				]
			]
		]
	],
	"RotOffset": [
		[
			0.0,
			0.0,
			0.0
		],
		[
			0.0,
			0.0,
			0.0
		]
	],
	"RotTarget": [
		[
			[
				[
					0.0,
					0.0,
					0.0
				],
				[
					0.0,
					0.0,
					0.0
				]
			],
			[
				[
					0.0,
					0.0,
					0.0
				],
				[
					3.1415927410125732,
					0.0,
					0.0
				]
			],
			[
				[
					0.0,
					0.0,
					0.0
				],
				[
					-3.1415927410125732,
					0.0,
					0.0
				]
			],
			[
				[
					0.0,
					0.0,
					0.0
				],
				[
					0.0,
					0.0,
					0.0
				]
			]
		],
		[
			[
				[
					0.0,
					0.0,
					0.0
				],
				[
					0.0,
					0.0,
					0.0
				]
			],
			[
				[
					0.0,
					0.0,
					0.0
				],
				[
					0.0,
					0.0,
					0.0
				]
			],
			[
				[
					0.0,
					0.0,
					0.0
				],
				[
					0.0,
					0.0,
					0.0
				]
			],
			[
				[
					0.0,
					0.0,
					0.0
				],
				[
					0.0,
					0.0,
					0.0
				]
			],
			[
				[
					0.0,
					0.0,
					0.0
				],
				[
					0.0,
					0.0,
					0.0
				]
			],
			[
				[
					0.0,
					0.0,
					0.0
				],
				[
					0.0,
					0.0,
					0.0
				]
			],
			[
				[
					0.0,
					0.0,
					0.0
				],
				[
					0.0,
					0.0,
					0.0
				]
			],
			[
				[
					0.0,
					0.0,
					0.0
				],
				[
					0.0,
					0.0,
					0.0
				]
			]
		],
		[
			[
				[
					0.0,
					0.0,
					0.0
				],
				[
					0.0,
					0.0,
					0.0
				]
			],
			[
				[
					0.0,
					0.0,
					0.0
				],
				[
					0.0,
					0.0,
					0.0
				]
			],
			[
				[
					0.0,
					0.0,
					0.0
				],
				[
					0.0,
					0.0,
					0.0
				]
			]
		]
	],
	"ScaleOffset": [
		20.0,
		20.0,
		20.0
	],
	"ScaleTarget": [
		[
			[
				[
					1.0,
					1.0,
					1.0
				],
				[
					1.0,
					1.0,
					1.0
				]
			],
			[
				[
					1.0,
					1.0,
					1.0
				],
				[
					1.0,
					1.0,
					1.0
				]
			],
			[
				[
					1.0,
					1.0,
					1.0
				],
				[
					1.0,
					1.0,
					1.0
				]
			],
			[
				[
					1.0,
					1.0,
					1.0
				],
				[
					1.0,
					1.0,
					1.0
				]
			]
		],
		[
			[
				[
					1.0,
					1.0,
					1.0
				],
				[
					1.5,
					1.0,
					1.5
				]
			],
			[
				[
					1.0,
					1.0,
					1.0
				],
				[
					1.5,
					1.0,
					1.5
				]
			],
			[
				[
					1.0,
					1.0,
					1.0
				],
				[
					1.5,
					1.0,
					1.5
				]
			],
			[
				[
					1.0,
					1.0,
					1.0
				],
				[
					1.5,
					1.0,
					1.5
				]
			],
			[
				[
					1.0,
					1.0,
					1.0
				],
				[
					1.5,
					1.0,
					1.5
				]
			],
			[
				[
					1.0,
					1.0,
					1.0
				],
				[
					1.5,
					1.0,
					1.5
				]
			],
			[
				[
					1.0,
					1.0,
					1.0
				],
				[
					1.5,
					1.0,
					1.5
				]
			],
			[
				[
					1.0,
					1.0,
					1.0
				],
				[
					1.5,
					1.0,
					1.5
				]
			]
		],
		[
			[
				[
					1.0,
					1.0,
					1.0
				],
				[
					0.0,
					0.0,
					0.0
				]
			],
			[
				[
					1.0,
					1.0,
					1.0
				],
				[
					1.4500000476837158,
					1.0,
					1.4500000476837158
				]
			],
			[
				[
					1.0,
					1.0,
					1.0
				],
				[
					1.5,
					1.0,
					1.5
				]
			]
		]
	]
}