{
	"Loop": [
		true,
		true,
		false
	],
	"MaxFrame": [
		[
			10,
			10,
			10,
			10,
			10,
			10,
			10,
			10
		],
		[
			3,
			3,
			3,
			3
		],
		[
			20,
			10,
			10
		]
	],
	"MaxKey": [
		8,
		4,
		3
	],
	"MaxMotion": 3,
	"MaxParts": 1,
	"ModelType": [
		31
	],
	"ParentIdx": [
		-1
	],
	"PosOffset": [
		[
			0.0,
			0.0,
			0.0
		]
	],
	"PosTarget": [
		[
			[
				[
					0.0,
					0.25,
					0.0
				]
			],
			[
				[
					0.0,
					0.0,
					0.0
				]
			],
			[
				[
					0.0,
					0.25,
					0.0
				]
			],
			[
				[
					0.0,
					0.30000001192092896,
					0.0
				]
			],
			[
				[
					0.0,
					0.25,
					0.0
				]
			],
			[
				[
					0.0,
					0.0,
					0.0
				]
			],
			[
				[
					0.0,
					0.25,
					0.0
				]
			],
			[
				[
					0.0,
					0.30000001192092896,
					0.0
				]
			]
		],
		[
			[
				[
					1.0,
					1.0,
					1.0
				]
			],
			[
				[
					-1.0,
					1.0,
					1.0
				]
			],
			[
				[
					1.0,
					-1.0,
					1.0
				]
			],
			[
				[
					1.0,
					1.0,
					-1.0
				]
			]
		],
		[
			[
				[
					0.0,
					7.5,
					0.0
				]
			],
			[
				[
					0.0,
					15.0,
					0.0
				]
			],
			[
				[
					0.0,
					25.0,
					0.0
				]
			]
		]
	],
	"RotOffset": [
		[
			0.0,
			0.0,
			0.0
		]
	],
	"RotTarget": [
		[
			[
				[
					0.0,
					-0.10000000149011612,
					0.0
				]
			],
			[
				[
					0.0,
					0.0,
					0.0
				]
			],
			[
				[
					0.0,
					0.10000000149011612,
					0.0
				]
			],
			[
				[
					0.0,
					0.11500000208616257,
					0.0
				]
			],
			[
				[
					0.0,
					0.10000000149011612,
					0.0
				]
			],
			[
				[
					0.0,
					0.0,
					0.0
				]
			],
			[
				[
					0.0,
					-0.10000000149011612,
					0.0
				]
			],
			[
				[
					0.0,
					-0.11500000208616257,
					0.0
				]
			]
		],
		[
			[
				[
					0.0,
					0.0,
					0.0
				]
			],
			[
				[
					0.0,
					0.0,
					0.0
				]
			],
			[
				[
					0.0,
					0.0,
					0.0
				]
			],
			[
				[
					0.0,
					0.0,
					0.0
				]
			]
		],
		[
			[
				[
					0.0,
					0.0,
					0.0
				]
			],
			[
				[
					0.0,
					0.0,
					0.0
				]
			],
			[
				[
					0.0,
					0.0,
					0.0
				]
			]
		]
	],
	"ScaleOffset": [
		-0.30000001192092896,
		-0.30000001192092896,
		-0.30000001192092896
	],
	"ScaleTarget": [
		[
			[
				[
					1.0,
					1.0,
					1.0
				]
			],
			[
				[
					1.0,
					1.0,
					1.0
				]
			],
			[
				[
					1.0,
					1.0,
					1.0
				]
			],
			[
				[
					1.0,
					1.0,
					1.0
				]
			],
			[
				[
					1.0,
					1.0,
					1.0
				]
			],
			[
				[
					1.0,
					1.0,
					1.0
				]
			],
			[
				[
					1.0,
					1.0,
					1.0
				]
			],
			[
				[
					1.0,
					1.0,
					1.0
				]
			]
		],
		[
			[
				[
					0.5,
					1.5,
					1.0
				]
			],
			[
				[
					1.0,
					1.25,
					0.75
				]
			],
			[
				[
					1.25,
					1.0,
					0.75
				]
			],
			[
				[
					1.5,
					1.0,
					0.5
				]
			]
		],
		[
			[
				[
					0.75,
					1.25,
					0.75
				]
			],
			[
				[
					0.5,
					1.5,
					0.5
				]
			],
			[
				[
					0.30000001192092896,
					2.0,
					0.30000001192092896
				]
			]
		]
	]
}