{
	"Loop": [
		false
	],
	"MaxFrame": [
		40,
		15,
		40,
		15
	],
	"MaxKey": 4,
	"MaxMotion": 1,
	"MaxParts": 11,
	"ModelType": [
		1,
		2,
		3,
		4,
		5,
		6,
		7,
		8,
		9,
		10,
		11
	],
	"ParentIdx": [
		-1,
		0,
		1,
		0,
		3,
		0,
		5,
		1,
		7,
		1,
		9
	],
	"PosOffset": [
		[
			0.0,
			0.0,
			0.0
		],
		[
			0.0,
			-0.3,
			-0.73
		],
		[
			0.1,
			3.35,
			0.35
		],
		[
			-0.84,
			-1.95,
			-0.56
		],
		[
			0.1225,
			-3.45,
			-0.035
		],
		[
			0.84,
			-1.95,
			-0.56
		],
		[
			-0.1225,
			-3.45,
			-0.035
		],
		[
			-1.0,
			2.1,
			0.48
		],
		[
			-2.84,
			0.175,
			-0.32
		],
		[
			1.0,
			2.1,
			0.48
		],
		[
			2.84,
			0.175,
			-0.32
		]
	],
	"PosTarget": [
		[
			[
				0.0,
				0.0,
				0.0
			],
			[
				0.0,
				0.0,
				0.0
			],
			[
				0.0,
				0.0,
				0.0
			],
			[
				0.0,
				0.0,
				0.0
			],
			[
				0.0,
				0.0,
				0.0
			],
			[
				0.0,
				0.0,
				0.0
			],
			[
				0.0,
				0.0,
				0.0
			],
			[
				0.30000001192092896,
				0.20000000298023224,
				-0.10000000149011612
			],
			[
				0.0,
				0.0,
				0.0
			],
			[
				-0.30000001192092896,
				0.20000000298023224,
				-0.10000000149011612
			],
			[
				0.0,
				0.0,
				0.0
			]
		],
		[
			[
				0.0,
				0.0,
				0.0
			],
			[
				0.0,
				0.0,
				0.0
			],
			[
				0.0,
				0.0,
				0.0
			],
			[
				0.0,
				0.0,
				0.0
			],
			[
				0.0,
				0.0,
				0.0
			],
			[
				0.0,
				0.0,
				0.0
			],
			[
				0.0,
				0.0,
				0.0
			],
			[
				0.30000001192092896,
				0.20000000298023224,
				-0.10000000149011612
			],
			[
				0.0,
				0.0,
				0.0
			],
			[
				-0.30000001192092896,
				0.20000000298023224,
				-0.10000000149011612
			],
			[
				0.0,
				0.0,
				0.0
			]
		],
		[
			[
				0.0,
				0.0,
				0.0
			],
			[
				0.0,
				0.0,
				0.0
			],
			[
				0.0,
				0.0,
				0.0
			],
			[
				0.0,
				0.0,
				0.0
			],
			[
				0.0,
				0.0,
				0.0
			],
			[
				0.0,
				0.0,
				0.0
			],
			[
				0.0,
				0.0,
				0.0
			],
			[
				0.30000001192092896,
				0.3499999940395355,
				-0.15000000596046448
			],
			[
				0.0,
				0.0,
				0.0
			],
			[
				-0.30000001192092896,
				0.3499999940395355,
				-0.15000000596046448
			],
			[
				0.0,
				0.0,
				0.0
			]
		],
		[
			[
				0.0,
				0.0,
				0.0
			],
			[
				0.0,
				0.0,
				0.0
			],
			[
				0.0,
				0.0,
				0.0
			],
			[
				0.0,
				0.0,
				0.0
			],
			[
				0.0,
				0.0,
				0.0
			],
			[
				0.0,
				0.0,
				0.0
			],
			[
				0.0,
				0.0,
				0.0
			],
			[
				0.30000001192092896,
				0.3499999940395355,
				-0.15000000596046448
			],
			[
				0.0,
				0.0,
				0.0
			],
			[
				-0.30000001192092896,
				0.3499999940395355,
				-0.15000000596046448
			],
			[
				0.0,
				0.0,
				0.0
			]
		]
	],
	"RotTarget": [
		[
			[
				0.0,
				0.0,
				0.0
			],
			[
				0.0,
				0.0,
				0.0
			],
			[
				0.0,
				0.0,
				0.0
			],
			[
				0.0,
				0.0,
				0.0
			],
			[
				0.0,
				0.0,
				0.0
			],
			[
				0.0,
				0.0,
				0.0
			],
			[
				0.0,
				0.0,
				0.0
			],
			[
				0.0,
				5.960464477539063e-08,
				0.8299999833106995
			],
			[
				0.0,
				0.0,
				0.0
			],
			[
				0.0,
				0.0,
				-0.8299999833106995
			],
			[
				0.0,
				0.0,
				0.0
			]
		],
		[
			[
				0.0,
				0.0,
				0.0
			],
			[
				0.0,
				0.0,
				0.0
			],
			[
				0.0,
				0.0,
				0.0
			],
			[
				0.0,
				0.0,
				0.0
			],
			[
				0.0,
				0.0,
				0.0
			],
			[
				0.0,
				0.0,
				0.0
			],
			[
				0.0,
				0.0,
				0.0
			],
			[
				0.0,
				0.0,
				0.800000011920929
			],
			[
				0.0,
				0.0,
				0.0
			],
			[
				0.0,
				0.0,
				-0.800000011920929
			],
			[
				0.0,
				0.0,
				0.0
			]
		],
		[
			[
				0.0,
				0.0,
				0.0
			],
			[
				0.0,
				0.0,
				0.0
			],
			[
				0.0,
				0.0,
				0.0
			],
			[
				0.0,
				0.0,
				0.0
			],
			[
				0.0,
				0.0,
				0.0
			],
			[
				0.0,
				0.0,
				0.0
			],
			[
				0.0,
				0.0,
				0.0
			],
			[
				0.0,
				0.0,
				1.0700000524520874
			],
			[
				0.0,
				0.0,
				0.0
			],
			[
				0.0,
				0.0,
				-1.0700000524520874
			],
			[
				0.0,
				0.0,
				0.0
			]
		],
		[
			[
				0.0,
				0.0,
				0.0
			],
			[
				0.0,
				0.0,
				0.0
			],
			[
				0.0,
				0.0,
				0.0
			],
			[
				0.0,
				0.0,
				0.0
			],
			[
				0.0,
				0.0,
				0.0
			],
			[
				0.0,
				0.0,
				0.0
			],
			[
				0.0,
				0.0,
				0.0
			],
			[
				0.0,
				0.0,
				1.100000023841858
			],
			[
				0.0,
				0.0,
				0.0
			],
			[
				0.0,
				0.0,
				-1.100000023841858
			],
			[
				0.0,
				0.0,
				0.0
			]
		]
	],
	"ScaleTarget": [
		[
			[
				1.0,
				1.0,
				1.0
			],
			[
				1.0,
				1.0,
				1.0
			],
			[
				1.0,
				1.0,
				1.0
			],
			[
				1.0,
				1.0,
				1.0
			],
			[
				1.0,
				1.0,
				1.0
			],
			[
				1.0,
				1.0,
				1.0
			],
			[
				1.0,
				1.0,
				1.0
			],
			[
				1.0,
				1.0,
				1.0
			],
			[
				1.0,
				1.0,
				1.0
			],
			[
				1.0,
				1.0,
				1.0
			],
			[
				1.0,
				1.0,
				1.0
			]
		],
		[
			[
				1.0,
				1.0,
				1.0
			],
			[
				1.0,
				1.0,
				1.0
			],
			[
				1.0,
				1.0,
				1.0
			],
			[
				1.0,
				1.0,
				1.0
			],
			[
				1.0,
				1.0,
				1.0
			],
			[
				1.0,
				1.0,
				1.0
			],
			[
				1.0,
				1.0,
				1.0
			],
			[
				1.0,
				1.0,
				1.0
			],
			[
				1.0,
				1.0,
				1.0
			],
			[
				1.0,
				1.0,
				1.0
			],
			[
				1.0,
				1.0,
				1.0
			]
		],
		[
			[
				1.0,
				1.0,
				1.0
			],
			[
				1.0,
				1.0,
				1.0
			],
			[
				1.0,
				1.0,
				1.0
			],
			[
				1.0,
				1.0,
				1.0
			],
			[
				1.0,
				1.0,
				1.0
			],
			[
				1.0,
				1.0,
				1.0
			],
			[
				1.0,
				1.0,
				1.0
			],
			[
				1.0,
				1.0,
				1.0
			],
			[
				1.0,
				1.0,
				1.0
			],
			[
				1.0,
				1.0,
				1.0
			],
			[
				1.0,
				1.0,
				1.0
			]
		],
		[
			[
				1.0,
				1.0,
				1.0
			],
			[
				1.0,
				1.0,
				1.0
			],
			[
				1.0,
				1.0,
				1.0
			],
			[
				1.0,
				1.0,
				1.0
			],
			[
				1.0,
				1.0,
				1.0
			],
			[
				1.0,
				1.0,
				1.0
			],
			[
				1.0,
				1.0,
				1.0
			],
			[
				1.0,
				1.0,
				1.0
			],
			[
				1.0,
				1.0,
				1.0
			],
			[
				1.0,
				1.0,
				1.0
			],
			[
				1.0,
				1.0,
				1.0
			]
		]
	]
}