{
	"Loop": [
		true,
		true
	],
	"MaxFrame": [
		[
			60,
			40,
			20,
			60,
			40,
			20
		],
		[
			5,
			3,
			5,
			3
		]
	],
	"MaxKey": [
		6,
		4
	],
	"MaxMotion": 2,
	"MaxParts": 3,
	"ModelType": [
		3,
		4,
		5
	],
	"ParentIdx": [
		-1,
		0,
		0
	],
	"PosOffset": [
		[
			0.0,
			0.0,
			0.0
		],
		[
			-0.25,
			1.0,
			-0.25
		],
		[
			0.25,
			1.0,
			-0.25
		]
	],
	"PosTarget": [
		[
			[
				[
					0.0,
					0.0,
					0.0
				],
				[
					0.0,
					0.0,
					0.0
				],
				[
					0.0,
					0.0,
					0.0
				]
			],
			[
				[
					0.0,
					0.0,
					0.0
				],
				[
					0.0,
					0.0,
					0.0
				],
				[
					0.0,
					0.0,
					0.0
				]
			],
			[
				[
					0.0,
					0.0,
					0.0
				],
				[
					0.0,
					0.0,
					0.0
				],
				[
					0.0,
					0.0,
					0.0
				]
			],
			[
				[
					0.0,
					0.0,
					0.0
				],
				[
					0.0,
					0.0,
					0.0
				],
				[
					0.0,
					0.0,
					0.0
				]
			],
			[
				[
					0.0,
					0.0,
					0.0
				],
				[
					0.0,
					0.0,
					0.0
				],
				[
					0.0,
					0.0,
					0.0
				]
			],
			[
				[
					0.0,
					0.0,
					0.0
				],
				[
					0.0,
					0.0,
					0.0
				],
				[
					0.0,
					0.0,
					0.0
				]
			]
		],
		[
			[
				[
					0.0,
					0.0,
					0.0
				],
				[
					0.0,
					0.0,
					0.0
				],
				[
					0.0,
					0.0,
					0.0
				]
			],
			[
				[
					0.0,
					0.0,
					0.0
				],
				[
					0.0,
					0.0,
					0.0
				],
				[
					0.0,
					0.0,
					0.0
				]
			],
			[
				[
					0.0,
					0.0,
					0.0
				],
				[
					0.0,
					0.0,
					0.0
				],
				[
					0.0,
					0.0,
					0.0
				]
			],
			[
				[
					0.0,
					0.0,
					0.0
				],
				[
					0.0,
					0.0,
					0.0
				],
				[
					0.0,
					0.0,
					0.0
				]
			]
		]
	],
	"RotOffset": [
		[
			0.0,
			0.0,
			0.0
		],
		[
			0.0,
			0.0,
			0.0
		],
		[
			0.0,
			0.0,
			0.0
		]
	],
	"RotTarget": [
		[
			[
				[
					0.0,
					0.0,
					0.0
				],
				[
					0.0,
					0.0,
					-1.100000023841858
				],
				[
					0.0,
					0.0,
					1.100000023841858
				]
			],
			[
				[
					0.0,
					0.0,
					0.0
				],
				[
					0.0,
					0.0,
					-1.2000000476837158
				],
				[
					0.0,
					0.0,
					1.2000000476837158
				]
			],
			[
				[
					0.0,
					0.0,
					0.0
				],
				[
					0.0,
					0.0,
					-1.225000023841858
				],
				[
					0.0,
					0.0,
					1.225000023841858
				]
			],
			[
				[
					0.0,
					0.0,
					0.0
				],
				[
					0.0,
					0.0,
					-1.0
				],
				[
					0.0,
					0.0,
					1.0
				]
			],
			[
				[
					0.0,
					0.0,
					0.0
				],
				[
					0.0,
					0.0,
					-0.8999999761581421
				],
				[
					0.0,
					0.0,
					0.8999999761581421
				]
			],
			[
				[
					0.0,
					0.0,
					0.0
				],
				[
					0.0,
					0.0,
					-0.875
				],
				[
					0.0,
					0.0,
					0.875
				]
			]
		],
		[
			[
				[
					0.0,
					0.0,
					0.0
				],
				[
					0.0,
					0.0,
					-1.4500000476837158
				],
				[
					0.0,
					0.0,
					1.4500000476837158
				]
			],
			[
				[
					0.0,
					0.0,
					0.0
				],
				[
					0.0,
					0.0,
					-1.5
				],
				[
					0.0,
					0.0,
					1.5
				]
			],
			[
				[
					0.0,
					0.0,
					0.0
				],
				[
					0.0,
					0.0,
					0.25
				],
				[
					0.0,
					0.0,
					-0.25
				]
			],
			[
				[
					0.0,
					0.0,
					0.0
				],
				[
					0.0,
					0.0,
					0.30000001192092896
				],
				[
					0.0,
					0.0,
					-0.30000001192092896
				]
			]
		]
	],
	"ScaleOffset": [
		0.0,
		0.0,
		0.0
	],
	"ScaleTarget": [
		[
			[
				[
					1.0,
					1.0,
					1.0
				],
				[
					1.0,
					1.0,
					1.0
				],
				[
					1.0,
					1.0,
					1.0
				]
			],
			[
				[
					1.0,
					1.0,
					1.0
				],
				[
					1.0,
					1.0,
					1.0
				],
				[
					1.0,
					1.0,
					1.0
				]
			],
			[
				[
					1.0,
					1.0,
					1.0
				],
				[
					1.0,
					1.0,
					1.0
				],
				[
					1.0,
					1.0,
					1.0
				]
			],
			[
				[
					1.0,
					1.0,
					1.0
				],
				[
					1.0,
					1.0,
					1.0
				],
				[
					1.0,
					1.0,
					1.0
				]
			],
			[
				[
					1.0,
					1.0,
					1.0
				],
				[
					1.0,
					1.0,
					1.0
				],
				[
					1.0,
					1.0,
					1.0
				]
			],
			[
				[
					1.0,
					1.0,
					1.0
				],
				[
					1.0,
					1.0,
					1.0
				],
				[
					1.0,
					1.0,
					1.0
				]
			]
		],
		[
			[
				[
					1.0,
					1.0,
					1.0
				],
				[
					1.0,
					1.0,
					1.0
				],
				[
					1.0,
					1.0,
					1.0
				]
			],
			[
				[
					1.0,
					1.0,
					1.0
				],
				[
					1.0,
					1.0,
					1.0
				],
				[
					1.0,
					1.0,
					1.0
				]
			],
			[
				[
					1.0,
					1.0,
					1.0
				],
				[
					1.0,
					1.0,
					1.0
				],
				[
					1.0,
					1.0,
					1.0
				]
			],
			[
				[
					1.0,
					1.0,
					1.0
				],
				[
					1.0,
					1.0,
					1.0
				],
				[
					1.0,
					1.0,
					1.0
				]
			]
		]
	]
}