{
	"Loop": [
		true
	],
	"MaxFrame": [
		[
			35,
			20,
			35,
			20
		]
	],
	"MaxKey": [
		4
	],
	"MaxMotion": 1,
	"MaxParts": 11,
	"ModelType": [
		6,
		7,
		8,
		9,
		10,
		11,
		12,
		13,
		14,
		15,
		16
	],
	"ParentIdx": [
		-1,
		0,
		1,
		0,
		3,
		0,
		5,
		1,
		7,
		1,
		9
	],
	"PosOffset": [
		[
			0.0,
			2.0,
			0.0
		],
		[
			0.0,
			-0.30000001192092896,
			-0.7300000190734863
		],
		[
			0.10000000149011612,
			3.3499999046325684,
			0.3499999940395355
		],
		[
			-0.8399999737739563,
			-1.9500000476837158,
			-0.5600000023841858
		],
		[
			0.12250000238418579,
			-3.450000047683716,
			-0.03500000014901161
		],
		[
			0.8399999737739563,
			-1.9500000476837158,
			-0.5600000023841858
		],
		[
			-0.12250000238418579,
			-3.450000047683716,
			-0.03500000014901161
		],
		[
			-1.0,
			2.0999999046325684,
			0.47999998927116394
		],
		[
			-2.8399999141693115,
			0.17499999701976776,
			-0.3199999928474426
		],
		[
			1.0,
			2.0999999046325684,
			0.47999998927116394
		],
		[
			2.8399999141693115,
			0.17499999701976776,
			-0.3199999928474426
		]
	],
	"PosTarget": [
		[
			[
				[
					0.0,
					0.0,
					0.0
				],
				[
					0.0,
					0.0,
					0.0
				],
				[
					0.0,
					0.0,
					0.0
				],
				[
					0.0,
					0.0,
					0.0
				],
				[
					0.0,
					0.0,
					0.0
				],
				[
					0.0,
					0.0,
					0.0
				],
				[
					0.0,
					0.0,
					0.0
				],
				[
					0.30000001192092896,
					0.20000000298023224,
					-0.10000000149011612
				],
				[
					0.0,
					0.0,
					0.0
				],
				[
					-0.30000001192092896,
					0.20000000298023224,
					-0.10000000149011612
				],
				[
					0.0,
					0.0,
					0.0
				]
			],
			[
				[
					0.0,
					0.07000000029802322,
					-0.5699999928474426
				],
				[
					0.0,
					0.0,
					0.0
				],
				[
					0.0,
					0.0,
					0.0
				],
				[
					0.0,
					0.0,
					0.0
				],
				[
					0.0,
					0.009999999776482582,
					0.0
				],
				[
					0.0,
					0.0,
					0.0
				],
				[
					0.0,
					0.009999999776482582,
					0.0
				],
				[
					0.30000001192092896,
					0.20000000298023224,
					-0.10000000149011612
				],
				[
					0.0,
					0.0,
					0.0
				],
				[
					-0.30000001192092896,
					0.20000000298023224,
					-0.10000000149011612
				],
				[
					0.0,
					0.0,
					0.0
				]
			],
			[
				[
					0.0,
					0.0,
					0.0
				],
				[
					0.0,
					0.0,
					0.0
				],
				[
					0.0,
					0.0,
					0.0
				],
				[
					0.0,
					0.0,
					0.0
				],
				[
					0.0,
					0.0,
					0.0
				],
				[
					0.0,
					0.0,
					0.0
				],
				[
					0.0,
					0.0,
					0.0
				],
				[
					0.30000001192092896,
					0.3499999940395355,
					-0.15000000596046448
				],
				[
					0.0,
					0.0,
					0.0
				],
				[
					-0.30000001192092896,
					0.3499999940395355,
					-0.15000000596046448
				],
				[
					0.0,
					0.0,
					0.0
				]
			],
			[
				[
					0.0,
					0.0,
					0.4000000059604645
				],
				[
					0.0,
					0.0,
					0.0
				],
				[
					0.0,
					0.0,
					0.0
				],
				[
					0.0,
					0.0,
					0.0
				],
				[
					0.0,
					0.07500000298023224,
					0.0
				],
				[
					0.0,
					0.0,
					0.0
				],
				[
					0.0,
					0.07500000298023224,
					0.0
				],
				[
					0.30000001192092896,
					0.3499999940395355,
					-0.15000000596046448
				],
				[
					0.0,
					0.0,
					0.0
				],
				[
					-0.30000001192092896,
					0.3499999940395355,
					-0.15000000596046448
				],
				[
					0.0,
					0.0,
					0.0
				]
			]
		]
	],
	"RotOffset": [
		[
			0.0,
			0.0,
			0.0
		],
		[
			0.0,
			0.0,
			0.0
		],
		[
			0.0,
			0.0,
			0.0
		],
		[
			0.0,
			0.0,
			0.0
		],
		[
			0.0,
			0.0,
			0.0
		],
		[
			0.0,
			0.0,
			0.0
		],
		[
			0.0,
			0.0,
			0.0
		],
		[
			0.0,
			0.0,
			0.0
		],
		[
			0.0,
			0.0,
			0.0
		],
		[
			0.0,
			0.0,
			0.0
		],
		[
			0.0,
			0.0,
			0.0
		]
	],
	"RotTarget": [
		[
		[
			[
				0.0,
				0.0,
				0.0
			],
			[
				0.0,
				-0.009999999776482582,
				0.0
			],
			[
				0.0,
				0.0,
				0.0
			],
			[
				0.0,
				0.0,
				0.0
			],
			[
				0.0,
				0.0,
				0.0
			],
			[
				0.0,
				0.0,
				0.0
			],
			[
				0.0,
				0.0,
				0.0
			],
			[
				0.44999998807907104,
				5.960464477539063e-08,
				0.8299999833106995
			],
			[
				0.0,
				0.0,
				0.0
			],
			[
				-0.44999998807907104,
				0.0,
				-0.8299999833106995
			],
			[
				0.0,
				0.0,
				0.0
			]
		],
		[
			[
				0.0,
				0.0,
				0.0
			],
			[
				0.0,
				0.05000000074505806,
				0.0
			],
			[
				0.0,
				0.02500000037252903,
				0.0
			],
			[
				0.0,
				0.0,
				0.0
			],
			[
				0.0,
				-0.10000000149011612,
				0.0
			],
			[
				0.0,
				0.0,
				0.0
			],
			[
				0.0,
				-0.10000000149011612,
				0.0
			],
			[
				0.36000001430511475,
				0.0,
				0.800000011920929
			],
			[
				0.0,
				0.0,
				0.0
			],
			[
				-0.36000001430511475,
				0.0,
				-0.800000011920929
			],
			[
				0.0,
				0.0,
				0.0
			]
		],
		[
			[
				0.0,
				0.0,
				0.0
			],
			[
				0.0,
				0.009999999776482582,
				0.0
			],
			[
				0.0,
				0.0,
				0.0
			],
			[
				0.0,
				0.0,
				0.0
			],
			[
				0.0,
				0.0,
				0.0
			],
			[
				0.0,
				0.0,
				0.0
			],
			[
				0.0,
				0.0,
				0.0
			],
			[
				0.44999998807907104,
				0.0,
				1.0700000524520874
			],
			[
				0.0,
				0.0,
				0.0
			],
			[
				-0.44999998807907104,
				0.0,
				-1.0700000524520874
			],
			[
				0.0,
				0.0,
				0.0
			]
		],
		[
			[
				0.0,
				0.0,
				0.0
			],
			[
				0.0,
				-0.05000000074505806,
				0.0
			],
			[
				0.0,
				-0.02500000037252903,
				0.0
			],
			[
				0.0,
				0.0,
				0.0
			],
			[
				0.0,
				0.07500000298023224,
				0.0
			],
			[
				0.0,
				0.0,
				0.0
			],
			[
				0.0,
				0.07500000298023224,
				0.0
			],
			[
				0.6000000238418579,
				0.0,
				1.100000023841858
			],
			[
				0.0,
				0.0,
				0.0
			],
			[
				-0.6000000238418579,
				0.0,
				-1.100000023841858
			],
			[
				0.0,
				0.0,
				0.0
			]
		]
		]
	],
	"ScaleOffset": [
		0.0,
		0.0,
		0.0
	],