{
	"Loop": [
		false,
		true
	],
	"MaxFrame": [
		[
			3,
			40,
			5,
			10,
			25
		],
		[
			20,
			20,
			20,
			20,
			20,
			20,
			20,
			20
		]
	],
	"MaxKey": [
		5,
		8
	],
	"MaxMotion": 2,
	"MaxParts": 1,
	"ModelType": [
		30
	],
	"ParentIdx": [
		-1
	],
	"PosOffset": [
		[
			0.0,
			0.0,
			0.0
		]
	],
	"PosTarget": [
		[
			[
				[
					0.0,
					-200.0,
					0.0
				]
			],
			[
				[
					0.0,
					-200.0,
					0.0
				]
			],
			[
				[
					0.0,
					225.0,
					0.0
				]
			],
			[
				[
					0.0,
					200.0,
					0.0
				]
			],
			[
				[
					0.0,
					0.0,
					0.0
				]
			]
		],
		[
			[
				[
					0.0,
					0.0,
					0.0
				]
			],
			[
				[
					0.0,
					-4.5,
					0.0
				]
			],
			[
				[
					0.0,
					-5.0,
					0.0
				]
			],
			[
				[
					0.0,
					-4.5,
					0.0
				]
			],
			[
				[
					0.0,
					0.0,
					0.0
				]
			],
			[
				[
					0.0,
					4.5,
					0.0
				]
			],
			[
				[
					0.0,
					5.0,
					0.0
				]
			],
			[
				[
					0.0,
					4.5,
					0.0
				]
			]
		]
	],
	"RotOffset": [
		[
			0.0,
			0.0,
			0.0
		]
	],
	"RotTarget": [
		[
			[
				[
					0.0,
					0.0,
					0.0
				]
			],
			[
				[
					0.0,
					0.0,
					0.0
				]
			],
			[
				[
					0.0,
					0.0,
					0.0
				]
			],
			[
				[
					0.0,
					0.0,
					0.0
				]
			],
			[
				[
					0.0,
					0.0,
					0.0
				]
			]
		],
		[
			[
				[
					0.0,
					0.0,
					-0.10000000149011612
				]
			],
			[
				[
					0.0,
					-0.05000000074505806,
					-0.10000000149011612
				]
			],
			[
				[
					0.0,
					-0.07500000298023224,
					-0.10000000149011612
				]
			],
			[
				[
					0.0,
					-0.05000000074505806,
					0.0
				]
			],
			[
				[
					0.0,
					0.0,
					0.10000000149011612
				]
			],
			[
				[
					0.0,
					-0.05000000074505806,
					0.10000000149011612
				]
			],
			[
				[
					0.0,
					-0.07500000298023224,
					0.10000000149011612
				]
			],
			[
				[
					0.0,
					-0.05000000074505806,
					0.0
				]
			]
		]
	],
	"ScaleOffset": [
		10.0,
		10.0,
		10.0
	],
	"ScaleTarget": [
		[
			[
				[
					1.0,
					1.0,
					1.0
				]
			],
			[
				[
					1.0,
					1.0,
					1.0
				]
			],
			[
				[
					5.0,
					5.0,
					5.0
				]
			],
			[
				[
					3.0,
					3.0,
					3.0
				]
			],
			[
				[
					2.0,
					2.0,
					2.0
				]
			]
		],
		[
			[
				[
					1.0,
					1.0,
					1.0
				]
			],
			[
				[
					1.0,
					1.0,
					1.0
				]
			],
			[
				[
					1.0,
					1.0,
					1.0
				]
			],
			[
				[
					1.0,
					1.0,
					1.0
				]
			],
			[
				[
					1.0,
					1.0,
					1.0
				]
			],
			[
				[
					1.0,
					1.0,
					1.0
				]
			],
			[
				[
					1.0,
					1.0,
					1.0
				]
			],
			[
				[
					1.0,
					1.0,
					1.0
				]
			]
		]
	]
}