{
	"Loop": [
		false,
		false
	],
	"MaxFrame": [
		[
			1,
			1000,
			1,
			1000
		],
		[
			30,
			10,
			20
		]
	],
	"MaxKey": [
		4,
		3
	],
	"MaxMotion": 2,
	"MaxParts": 2,
	"ModelType": [
		3,
		4
	],
	"ParentIdx": [
		-1,
		0
	],
	"PosOffset": [
		[
			0.0,
			0.0,
			0.0
		],
		[
			-1.100000023841858,
			-3.5,
			-0.75
		]
	],
	"PosTarget": [
		[
			[
				[
					0.0,
					0.0,
					0.0
				],
				[
					0.0,
					0.0,
					0.0
				]
			],
			[
				[
					0.0,
					0.0,
					0.0
				],
				[
					-0.10000000149011612,
					0.30000001192092896,
					0.20000000298023224
				]
			],
			[
				[
					0.0,
					0.0,
					0.0
				],
				[
					-0.10000000149011612,
					0.30000001192092896,
					0.20000000298023224
				]
			],
			[
				[
					0.0,
					0.0,
					0.0
				],
				[
					0.0,
					0.0,
					0.0
				]
			]
		],
		[
			[
				[
					0.0,
					0.0,
					0.0
				],
				[
					0.0,
					0.0,
					0.0
				]
			],
			[
				[
					0.0,
					0.0,
					0.0
				],
				[
					0.0,
					0.25,
					0.0
				]
			],
			[
				[
					0.0,
					0.0,
					0.0
				],
				[
					0.0,
					0.10000000149011612,
					0.0
				]
			]
		]
	],
	"RotOffset": [
		[
			0.0,
			0.0,
			0.0
		],
		[
			0.0,
			0.0,
			0.0
		]
	],
	"RotTarget": [
		[
			[
				[
					0.0,
					0.0,
					0.0
				],
				[
					0.0,
					0.0,
					0.0
				]
			],
			[
				[
					0.0,
					0.0,
					0.0
				],
				[
					3.1415927410125732,
					0.0,
					0.0
				]
			],
			[
				[
					0.0,
					0.0,
					0.0
				],
				[
					-3.1415927410125732,
					0.0,
					0.0
				]
			],
			[
				[
					0.0,
					0.0,
					0.0
				],
				[
					0.0,
					0.0,
					0.0
				]
			]
		],
		[
			[
				[
					0.0,
					0.0,
					0.0
				],
				[
					0.0,
					0.0,
					0.0
				]
			],
			[
				[
					0.0,
					0.0,
					0.0
				],
				[
					0.0,
					0.0,
					0.0
				]
			],
			[
				[
					0.0,
					0.0,
					0.0
				],
				[
					0.0,
					0.0,
					0.0
				]
			]
		]
	],
	"ScaleOffset": [
		10.0,
		10.0,
		10.0
	],
	"ScaleTarget": [
		[
			[
				[
					1.0,
					1.0,
					1.0
				],
				[
					1.0,
					1.0,
					1.0
				]
			],
			[
				[
					1.0,
					1.0,
					1.0
				],
				[
					1.0,
					1.0,
					1.0
				]
			],
			[
				[
					1.0,
					1.0,
					1.0
				],
				[
					1.0,
					1.0,
					1.0
				]
			],
			[
				[
					1.0,
					1.0,
					1.0
				],
				[
					1.0,
					1.0,
					1.0
				]
			]
		],
		[
			[
				[
					1.0,
					1.0,
					1.0
				],
				[
					1.5,
					1.0,
					1.5
				]
			],
			[
				[
					1.0,
					1.0,
					1.0
				],
				[
					1.350000023841858,
					1.0,
					1.350000023841858
				]
			],
			[
				[
					1.0,
					1.0,
					1.0
				],
				[
					1.350000023841858,
					1.0,
					1.350000023841858
				]
			]
		]
	]
}