{
	"Loop": [
		true
	],
	"MaxFrame": [
		[
			10,
			10,
			10,
			10
		]
	],
	"MaxKey": [
		4
	],
	"MaxMotion": 1,
	"MaxParts": 3,
	"ModelType": [
		35,
		36,
		37
	],
	"ParentIdx": [
		-1,
		0,
		0
	],
	"PosOffset": [
		[
			0.0,
			0.0,
			0.0
		],
		[
			-3.25,
			0.0,
			0.0
		],
		[
			3.25,
			0.0,
			0.0
		]
	],
	"PosTarget": [
		[
			[
				[
					0.0,
					0.0,
					0.0
				],
				[
					0.0,
					0.0,
					0.0
				],
				[
					0.0,
					0.0,
					0.0
				]
			],
			[
				[
					0.0,
					0.0,
					0.0
				],
				[
					0.0,
					0.0,
					0.0
				],
				[
					0.0,
					0.0,
					0.0
				]
			],
			[
				[
					0.0,
					0.0,
					0.0
				],
				[
					0.0,
					0.0,
					0.0
				],
				[
					0.0,
					0.0,
					0.0
				]
			],
			[
				[
					0.0,
					0.0,
					0.0
				],
				[
					0.0,
					0.0,
					0.0
				],
				[
					0.0,
					0.0,
					0.0
				]
			]
		]
	],
	"RotOffset": [
		[
			0.0,
			0.0,
			0.0
		],
		[
			0.0,
			0.0,
			0.0
		],
		[
			0.0,
			0.0,
			0.0
		]
	],
	"RotTarget": [
		[
			[
				[
					0.0,
					0.10000000149011612,
					0.0
				],
				[
					-1.5,
					0.0,
					1.5
				],
				[
					1.5,
					0.0,
					-1.5
				]
			],
			[
				[
					0.0,
					0.15000000596046448,
					0.0
				],
				[
					-1.600000023841858,
					0.0,
					1.5
				],
				[
					1.600000023841858,
					0.0,
					-1.600000023841858
				]
			],
			[
				[
					0.0,
					-0.10000000149011612,
					0.0
				],
				[
					0.30000001192092896,
					0.0,
					-0.30000001192092896
				],
				[
					-0.30000001192092896,
					0.0,
					0.30000001192092896
				]
			],
			[
				[
					0.0,
					-0.15000000596046448,
					0.0
				],
				[
					0.4000000059604645,
					0.0,
					-0.4000000059604645
				],
				[
					-0.4000000059604645,
					0.0,
					0.4000000059604645
				]
			]
		]
	],
	"ScaleOffset": [
		-0.25,
		-0.25,
		-0.25
	],
	"ScaleTarget": [
		[
			[
				[
					1.0,
					1.0,
					1.0
				],
				[
					1.0,
					1.0,
					1.0
				],
				[
					1.0,
					1.0,
					1.0
				]
			],
			[
				[
					1.0,
					1.0,
					1.0
				],
				[
					1.0,
					1.0,
					1.0
				],
				[
					1.0,
					1.0,
					1.0
				]
			],
			[
				[
					1.0,
					1.0,
					1.0
				],
				[
					1.0,
					1.0,
					1.0
				],
				[
					1.0,
					1.0,
					1.0
				]
			],
			[
				[
					1.0,
					1.0,
					1.0
				],
				[
					1.0,
					1.0,
					1.0
				],
				[
					1.0,
					1.0,
					1.0
				]
			]
		]
	]
}