{
	"Loop": [
		true,
		true,
		false
	],
	"MaxFrame": [
		[
			10,
			10,
			10,
			10
		],
		[
			5,
			10,
			20,
			5,
			5,
			1,
			5,
			5,
			10,
			5
		],
		[
			5,
			20,
			10,
			10,
			5
		]
	],
	"MaxKey": [
		4,
		10,
		5
	],
	"MaxMotion": 3,
	"MaxParts": 3,
	"ModelType": [
		35,
		36,
		37
	],
	"ParentIdx": [
		-1,
		0,
		0
	],
	"PosOffset": [
		[
			0.0,
			0.0,
			0.0
		],
		[
			-3.25,
			0.0,
			0.0
		],
		[
			3.25,
			0.0,
			0.0
		]
	],
	"PosTarget": [
		[
			[
				[
					0.0,
					0.0,
					0.0
				],
				[
					0.0,
					0.0,
					0.0
				],
				[
					0.0,
					0.0,
					0.0
				]
			],
			[
				[
					0.0,
					0.0,
					0.0
				],
				[
					0.0,
					0.0,
					0.0
				],
				[
					0.0,
					0.0,
					0.0
				]
			],
			[
				[
					0.0,
					0.0,
					0.0
				],
				[
					0.0,
					0.0,
					0.0
				],
				[
					0.0,
					0.0,
					0.0
				]
			],
			[
				[
					0.0,
					0.0,
					0.0
				],
				[
					0.0,
					0.0,
					0.0
				],
				[
					0.0,
					0.0,
					0.0
				]
			]
		],
		[
			[
				[
					0.0,
					-0.3499999940395355,
					0.0
				],
				[
					0.0,
					0.0,
					0.0
				],
				[
					0.0,
					0.0,
					0.0
				]
			],
			[
				[
					0.0,
					-0.3499999940395355,
					0.0
				],
				[
					0.0,
					0.0,
					0.0
				],
				[
					0.0,
					0.0,
					0.0
				]
			],
			[
				[
					0.0,
					-0.4000000059604645,
					0.0
				],
				[
					0.0,
					0.0,
					0.0
				],
				[
					0.0,
					0.0,
					0.0
				]
			],
			[
				[
					0.0,
					0.0,
					0.0
				],
				[
					0.0,
					0.0,
					0.0
				],
				[
					0.0,
					0.0,
					0.0
				]
			],
			[
				[
					0.0,
					0.0,
					0.0
				],
				[
					0.0,
					0.0,
					0.0
				],
				[
					0.0,
					0.0,
					0.0
				]
			],
			[
				[
					0.0,
					0.0,
					0.0
				],
				[
					0.0,
					0.0,
					0.0
				],
				[
					0.0,
					0.0,
					0.0
				]
			],
			[
				[
					0.0,
					0.0,
					0.0
				],
				[
					0.0,
					0.0,
					0.0
				],
				[
					0.0,
					0.0,
					0.0
				]
			],
			[
				[
					0.0,
					0.0,
					0.0
				],
				[
					0.0,
					0.0,
					0.0
				],
				[
					0.0,
					0.0,
					0.0
				]
			],
			[
				[
					0.0,
					0.0,
					0.0
				],
				[
					0.0,
					0.0,
					0.0
				],
				[
					0.0,
					0.0,
					0.0
				]
			],
			[
				[
					0.0,
					0.0,
					0.0
				],
				[
					0.0,
					0.0,
					0.0
				],
				[
					0.0,
					0.0,
					0.0
				]
			]
		],
		[
			[
				[
					0.0,
					0.0,
					0.0
				],
				[
					0.0,
					0.0,
					0.0
				],
				[
					0.0,
					0.0,
					0.0
				]
			],
			[
				[
					0.0,
					6.0,
					0.0
				],
				[
					-1.5,
					0.25,
					-2.0
				],
				[
					1.5,
					0.25,
					-2.0
				]
			],
			[
				[
					0.0,
					5.0,
					0.0
				],
				[
					-1.5,
					0.25,
					-2.0
				],
				[
					1.5,
					0.25,
					-2.0
				]
			],
			[
				[
					0.0,
					-5.0,
					0.0
				],
				[
					-1.5,
					0.25,
					-2.0
				],
				[
					1.5,
					0.25,
					-2.0
				]
			],
			[
				[
					0.0,
					-15.0,
					0.0
				],
				[
					-1.5,
					0.25,
					-2.0
				],
				[
					1.5,
					0.25,
					-2.0
				]
			]
		]
	],
	"RotOffset": [
		[
			0.0,
			0.0,
			0.0
		],
		[
			0.0,
			0.0,
			0.0
		],
		[
			0.0,
			0.0,
			0.0
		]
	],
	"RotTarget": [
		[
			[
				[
					0.0,
					0.10000000149011612,
					0.0
				],
				[
					-1.5,
					0.0,
					1.5
				],
				[
					1.5,
					0.0,
					-1.5
				]
			],
			[
				[
					0.0,
					0.15000000596046448,
					0.0
				],
				[
					-1.600000023841858,
					0.0,
					1.5
				],
				[
					1.600000023841858,
					0.0,
					-1.600000023841858
				]
			],
			[
				[
					0.0,
					-0.10000000149011612,
					0.0
				],
				[
					0.30000001192092896,
					0.0,
					-0.30000001192092896
				],
				[
					-0.30000001192092896,
					0.0,
					0.30000001192092896
				]
			],
			[
				[
					0.0,
					-0.15000000596046448,
					0.0
				],
				[
					0.4000000059604645,
					0.0,
					-0.4000000059604645
				],
				[
					-0.4000000059604645,
					0.0,
					0.4000000059604645
				]
			]
		],
		[
			[
				[
					0.0,
					0.0,
					0.0
				],
				[
					0.0,
					-0.5,
					0.0
				],
				[
					0.0,
					-0.5,
					0.0
				]
			],
			[
				[
					0.0,
					-0.5,
					0.0
				],
				[
					0.5,
					0.0,
					-0.5
				],
				[
					-0.5,
					0.0,
					0.5
				]
			],
			[
				[
					0.0,
					-0.6000000238418579,
					0.0
				],
				[
					0.550000011920929,
					0.0,
					-0.550000011920929
				],
				[
					-0.550000011920929,
					0.0,
					0.550000011920929
				]
			],
			[
				[
					-1.5700000524520874,
					0.25,
					-0.3499999940395355
				],
				[
					-1.5,
					-1.0,
					2.0
				],
				[
					0.0,
					-1.5,
					0.5
				]
			],
			[
				[
					-3.1410000324249268,
					0.30000001192092896,
					-0.3499999940395355
				],
				[
					0.0,
					-1.5,
					0.5
				],
				[
					0.0,
					-1.5,
					0.5
				]
			],
			[
				[
					3.1410000324249268,
					0.30000001192092896,
					-0.3499999940395355
				],
				[
					0.0,
					-1.5,
					0.5
				],
				[
					0.0,
					-1.5,
					0.5
				]
			],
			[
				[
					1.5700000524520874,
					0.3499999940395355,
					-0.3499999940395355
				],
				[
					0.0,
					-1.5,
					0.5
				],
				[
					0.0,
					-1.5,
					0.5
				]
			],
			[
				[
					0.0,
					0.4000000059604645,
					-0.20000000298023224
				],
				[
					0.0,
					-1.5,
					0.5
				],
				[
					0.0,
					-1.5,
					0.5
				]
			],
			[
				[
					0.0,
					0.20000000298023224,
					-0.10000000149011612
				],
				[
					0.0,
					-0.75,
					0.25
				],
				[
					0.0,
					-0.75,
					0.25
				]
			],
			[
				[
					0.0,
					0.0,
					0.0
				],
				[
					0.0,
					0.0,
					0.0
				],
				[
					0.0,
					0.0,
					0.0
				]
			]
		],
		[
			[
				[
					0.0,
					0.0,
					0.0
				],
				[
					0.0,
					0.0,
					0.0
				],
				[
					0.0,
					0.0,
					0.0
				]
			],
			[
				[
					0.0,
					1.5700000524520874,
					0.0
				],
				[
					-3.1415927410125732,
					0.0,
					0.5
				],
				[
					3.1415927410125732,
					0.0,
					-0.5
				]
			],
			[
				[
					0.0,
					2.5,
					0.0
				],
				[
					-3.1419999599456787,
					0.0,
					0.5
				],
				[
					3.1419999599456787,
					0.0,
					-0.5
				]
			],
			[
				[
					0.0,
					3.1415927410125732,
					0.0
				],
				[
					-3.1419999599456787,
					0.0,
					0.5
				],
				[
					3.1419999599456787,
					0.0,
					-0.5
				]
			],
			[
				[
					0.0,
					3.1415927410125732,
					0.0
				],
				[
					-3.1419999599456787,
					0.0,
					0.5
				],
				[
					3.1419999599456787,
					0.0,
					-0.5
				]
			]
		]
	],
	"ScaleOffset": [
		0.0,
		0.0,
		0.0
	],