{
	"Loop": [
		true,
		true
	],
	"MaxFrame": [
		[
			10,
			10,
			10,
			10,
			10,
			10,
			10,
			10,
			10,
			10
		],
		[
			5,
			5,
			5,
			5
		]
	],
	"MaxKey": [
		10,
		4
	],
	"MaxMotion": 2,
	"MaxParts": 2,
	"ModelType": [
		32,
		33
	],
	"ParentIdx": [
		-1,
		0
	],
	"PosOffset": [
		[
			0.0,
			0.0,
			0.0
		],
		[
			0.0,
			1.0,
			0.5
		]
	],
	"PosTarget": [
		[
			[
				[
					0.0,
					0.5,
					-0.5
				],
				[
					0.0,
					0.0,
					0.0
				]
			],
			[
				[
					-0.75,
					1.0,
					-1.0
				],
				[
					0.0,
					0.0,
					0.0
				]
			],
			[
				[
					-1.0,
					0.44999998807907104,
					0.0
				],
				[
					0.0,
					0.0,
					0.0
				]
			],
			[
				[
					-0.75,
					-0.25,
					1.0
				],
				[
					0.0,
					0.0,
					0.0
				]
			],
			[
				[
					0.0,
					-0.5,
					1.5
				],
				[
					0.0,
					0.0,
					0.0
				]
			],
			[
				[
					0.75,
					-0.25,
					1.0
				],
				[
					0.0,
					0.0,
					0.0
				]
			],
			[
				[
					1.0,
					0.44999998807907104,
					0.0
				],
				[
					0.0,
					0.0,
					0.0
				]
			],
			[
				[
					0.75,
					1.0,
					-1.0
				],
				[
					0.0,
					0.0,
					0.0
				]
			],
			[
				[
					0.0,
					0.0,
					0.0
				],
				[
					0.0,
					0.0,
					0.0
				]
			],
			[
				[
					0.0,
					0.0,
					0.0
				],
				[
					0.0,
					0.0,
					0.0
				]
			]
		],
		[
			[
				[
					0.0,
					0.0,
					0.0
				],
				[
					0.0,
					0.0,
					0.0
				]
			],
			[
				[
					0.0,
					3.0,
					0.0
				],
				[
					0.0,
					0.0,
					0.0
				]
			],
			[
				[
					0.0,
					3.25,
					0.0
				],
				[
					0.0,
					0.0,
					0.0
				]
			],
			[
				[
					0.0,
					3.5,
					0.0
				],
				[
					0.0,
					0.0,
					0.0
				]
			]
		]
	],
	"RotOffset": [
		[
			0.0,
			0.0,
			0.0
		],
		[
			0.0,
			0.75,
			0.0
		]
	],
	"RotTarget": [
		[
			[
				[
					0.0,
					-0.15000000596046448,
					0.0
				],
				[
					0.0,
					0.0,
					0.0
				]
			],
			[
				[
					0.15000000596046448,
					-0.30000001192092896,
					0.30000001192092896
				],
				[
					0.0,
					0.0,
					0.0
				]
			],
			[
				[
					0.0,
					0.0,
					0.5
				],
				[
					0.0,
					0.0,
					0.0
				]
			],
			[
				[
					-0.15000000596046448,
					0.30000001192092896,
					0.30000001192092896
				],
				[
					0.0,
					0.0,
					0.0
				]
			],
			[
				[
					0.0,
					0.5,
					0.0
				],
				[
					0.0,
					0.0,
					0.0
				]
			],
			[
				[
					0.15000000596046448,
					0.30000001192092896,
					-0.30000001192092896
				],
				[
					0.0,
					0.0,
					0.0
				]
			],
			[
				[
					0.0,
					0.0,
					-0.5
				],
				[
					0.0,
					0.0,
					0.0
				]
			],
			[
				[
					-0.15000000596046448,
					-0.30000001192092896,
					-0.30000001192092896
				],
				[
					0.0,
					0.0,
					0.0
				]
			],
			[
				[
					0.0,
					0.0,
					0.10000000149011612
				],
				[
					0.0,
					0.0,
					0.0
				]
			],
			[
				[
					0.0,
					0.10000000149011612,
					0.0
				],
				[
					0.0,
					0.0,
					0.0
				]
			]
		],
		[
			[
				[
					0.0,
					0.0,
					0.0
				],
				[
					0.0,
					0.0,
					0.0
				]
			],
			[
				[
					0.0,
					0.05000000074505806,
					0.0
				],
				[
					0.0,
					-0.5,
					0.0
				]
			],
			[
				[
					0.0,
					0.05000000074505806,
					0.0
				],
				[
					0.0,
					-0.5,
					0.0
				]
			],
			[
				[
					0.0,
					0.10000000149011612,
					0.0
				],
				[
					0.0,
					0.0,
					0.0
				]
			]
		]
	],
	"ScaleOffset": [
		-0.30000001192092896,
		-0.30000001192092896,
		-0.30000001192092896
	],
	"ScaleTarget": [
		[
			[
				[
					1.0,
					1.0,
					1.0
				],
				[
					1.0,
					1.0,
					1.0
				]
			],
			[
				[
					1.0,
					1.0,
					1.0
				],
				[
					1.0,
					1.0,
					1.0
				]
			],
			[
				[
					1.0,
					1.0,
					1.0
				],
				[
					1.0,
					1.0,
					1.0
				]
			],
			[
				[
					1.0,
					1.0,
					1.0
				],
				[
					1.0,
					1.0,
					1.0
				]
			],
			[
				[
					1.0,
					1.0,
					1.0
				],
				[
					1.0,
					1.0,
					1.0
				]
			],
			[
				[
					1.0,
					1.0,
					1.0
				],
				[
					1.0,
					1.0,
					1.0
				]
			],
			[
				[
					1.0,
					1.0,
					1.0
				],
				[
					1.0,
					1.0,
					1.0
				]
			],
			[
				[
					1.0,
					1.0,
					1.0
				],
				[
					1.0,
					1.0,
					1.0
				]
			],
			[
				[
					1.0,
					1.0,
					1.0
				],
				[
					1.0,
					1.0,
					1.0
				]
			],
			[
				[
					1.0,
					1.0,
					1.0
				],
				[
					1.0,
					1.0,
					1.0
				]
			]
		],
		[
			[
				[
					1.0,
					1.0,
					1.0
				],
				[
					1.0,
					1.0,
					1.0
				]
			],
			[
				[
					1.0,
					1.0,
					1.0
				],
				[
					1.0,
					1.0,
					1.0
				]
			],
			[
				[
					1.0,
					1.0,
					1.0
				],
				[
					1.0,
					1.0,
					1.0
				]
			],
			[
				[
					1.0,
					1.0,
					1.0
				],
				[
					1.0,
					1.0,
					1.0
				]
			]
		]
	]
}