{
	"Loop": [
		true
	],
	"MaxFrame": [
		[
			10
		]
	],
	"MaxKey": [
		1
	],
	"MaxMotion": 1,
	"MaxParts": 2,
	"ModelType": [
		32,
		33
	],
	"ParentIdx": [
		-1,
		0
	],
	"PosOffset": [
		[
			0.0,
			0.0,
			0.0
		],
		[
			0.0,
			0.0,
			0.0
		]
	],
	"PosTarget": [
		[
			[
				[
					0.0,
					0.0,
					0.0
				],
				[
					0.0,
					0.0,
					0.0
				]
			]
		]
	],
	"RotOffset": [
		[
			0.0,
			0.0,
			0.0
		],
		[
			0.0,
			0.0,
			0.0
		]
	],
	"RotTarget": [
		[
			[
				[
					0.0,
					0.0,
					0.0
				],
				[
					0.0,
					0.0,
					0.0
				]
			]
		]
	],
	"ScaleOffset": [
		-0.30000001192092896,
		-0.30000001192092896,
		-0.30000001192092896
	],
	"ScaleTarget": [
		[
			[
				[
					1.0,
					1.0,
					1.0
				],
				[
					1.0,
					1.0,
					1.0
				]
			]
		]
	]
}