{
	"Loop": [
		true,
		true,
		false
	],
	"MaxFrame": [
		[
			10,
			10,
			10,
			10,
			10,
			10,
			10,
			10,
			10,
			10
		],
		[
			5,
			5,
			5,
			5
		],
		[
			10,
			5,
			5,
			5
		]
	],
	"MaxKey": [
		10,
		4,
		4
	],
	"MaxMotion": 3,
	"MaxParts": 2,
	"ModelType": [
		32,
		33
	],
	"ParentIdx": [
		-1,
		0
	],
	"PosOffset": [
		[
			0.0,
			0.0,
			0.0
		],
		[
			0.0,
			1.0,
			0.5
		]
	],
	"PosTarget": [
		[
			[
				[
					0.0,
					0.5,
					-0.5
				],
				[
					0.0,
					0.0,
					0.0
				]
			],
			[
				[
					-0.75,
					1.0,
					-1.0
				],
				[
					0.0,
					0.0,
					0.0
				]
			],
			[
				[
					-1.0,
					0.44999998807907104,
					0.0
				],
				[
					0.0,
					0.0,
					0.0
				]
			],
			[
				[
					-0.75,
					-0.25,
					1.0
				],
				[
					0.0,
					0.0,
					0.0
				]
			],
			[
				[
					0.0,
					-0.5,
					1.5
				],
				[
					0.0,
					0.0,
					0.0
				]
			],
			[
				[
					0.75,
					-0.25,
					1.0
				],
				[
					0.0,
					0.0,
					0.0
				]
			],
			[
				[
					1.0,
					0.44999998807907104,
					0.0
				],
				[
					0.0,
					0.0,
					0.0
				]
			],
			[
				[
					0.75,
					1.0,
					-1.0
				],
				[
					0.0,
					0.0,
					0.0
				]
			],
			[
				[
					0.0,
					0.0,
					0.0
				],
				[
					0.0,
					0.0,
					0.0
				]
			],
			[
				[
					0.0,
					0.0,
					0.0
				],
				[
					0.0,
					0.0,
					0.0
				]
			]
		],
		[
			[
				[
					0.0,
					0.0,
					0.0
				],
				[
					0.0,
					0.0,
					0.0
				]
			],
			[
				[
					0.0,
					3.0,
					0.0
				],
				[
					0.0,
					0.0,
					0.0
				]
			],
			[
				[
					0.0,
					3.25,
					0.0
				],
				[
					0.0,
					0.0,
					0.0
				]
			],
			[
				[
					0.0,
					3.5,
					0.0
				],
				[
					0.0,
					0.0,
					0.0
				]
			]
		],
		[
			[
				[
					0.0,
					0.0,
					0.0
				],
				[
					0.0,
					0.0,
					0.0
				]
			],
			[
				[
					0.0,
					4.940000057220459,
					0.0
				],
				[
					-3.75,
					-9.8100004196167,
					0.0
				]
			],
			[
				[
					0.0,
					9.539999961853027,
					0.0
				],
				[
					0.0,
					-26.8799991607666,
					0.0
				]
			],
			[
				[
					0.0,
					11.84000015258789,
					0.0
				],
				[
					0.0,
					-31.549999237060547,
					0.0
				]
			]
		]
	],
	"RotOffset": [
		[
			0.0,
			0.0,
			0.0
		],
		[
			0.0,
			0.75,
			0.0
		]
	],
	"RotTarget": [
		[
			[
				[
					0.0,
					-0.15000000596046448,
					0.0
				],
				[
					0.0,
					0.0,
					0.0
				]
			],
			[
				[
					0.15000000596046448,
					-0.30000001192092896,
					0.30000001192092896
				],
				[
					0.0,
					0.0,
					0.0
				]
			],
			[
				[
					0.0,
					0.0,
					0.5
				],
				[
					0.0,
					0.0,
					0.0
				]
			],
			[
				[
					-0.15000000596046448,
					0.30000001192092896,
					0.30000001192092896
				],
				[
					0.0,
					0.0,
					0.0
				]
			],
			[
				[
					0.0,
					0.5,
					0.0
				],
				[
					0.0,
					0.0,
					0.0
				]
			],
			[
				[
					0.15000000596046448,
					0.30000001192092896,
					-0.30000001192092896
				],
				[
					0.0,
					0.0,
					0.0
				]
			],
			[
				[
					0.0,
					0.0,
					-0.5
				],
				[
					0.0,
					0.0,
					0.0
				]
			],
			[
				[
					-0.15000000596046448,
					-0.30000001192092896,
					-0.30000001192092896
				],
				[
					0.0,
					0.0,
					0.0
				]
			],
			[
				[
					0.0,
					0.0,
					0.10000000149011612
				],
				[
					0.0,
					0.0,
					0.0
				]
			],
			[
				[
					0.0,
					0.10000000149011612,
					0.0
				],
				[
					0.0,
					0.0,
					0.0
				]
			]
		],
		[
			[
				[
					0.0,
					0.0,
					0.0
				],
				[
					0.0,
					0.0,
					0.0
				]
			],
			[
				[
					0.0,
					0.05000000074505806,
					0.0
				],
				[
					0.0,
					-0.5,
					0.0
				]
			],
			[
				[
					0.0,
					0.05000000074505806,
					0.0
				],
				[
					0.0,
					-0.5,
					0.0
				]
			],
			[
				[
					0.0,
					0.10000000149011612,
					0.0
				],
				[
					0.0,
					0.0,
					0.0
				]
			]
		],
		[
			[
				[
					0.0,
					0.25,
					0.0
				],
				[
					0.0,
					-0.25,
					0.0
				]
			],
			[
				[
					-0.5649999976158142,
					0.40799999237060547,
					0.5659999847412109
				],
				[
					-1.5069999694824219,
					-0.032999999821186066,
					0.0
				]
			],
			[
				[
					-1.4450000524520874,
					0.5659999847412109,
					0.628000020980835
				],
				[
					0.0,
					1.0679999589920044,
					1.5390000343322754
				]
			],
			[
				[
					-1.194000005722046,
					0.5339999794960022,
					0.8169999718666077
				],
				[
					0.3140000104904175,
					0.8479999899864197,
					-0.28299999237060547
				]
			]
		]
	],
	"ScaleOffset": [
		-0.3,
		-0.3,
		-0.3
	],
	"ScaleTarget": [
		[
			[
				[
					1.0,
					1.0,
					1.0
				],
				[
					1.0,
					1.0,
					1.0
				]
			],
			[
				[
					1.0,
					1.0,
					1.0
				],
				[
					1.0,
					1.0,
					1.0
				]
			],
			[
				[
					1.0,
					1.0,
					1.0
				],
				[
					1.0,
					1.0,
					1.0
				]
			],
			[
				[
					1.0,
					1.0,
					1.0
				],
				[
					1.0,
					1.0,
					1.0
				]
			],
			[
				[
					1.0,
					1.0,
					1.0
				],
				[
					1.0,
					1.0,
					1.0
				]
			],
			[
				[
					1.0,
					1.0,
					1.0
				],
				[
					1.0,
					1.0,
					1.0
				]
			],
			[
				[
					1.0,
					1.0,
					1.0
				],
				[
					1.0,
					1.0,
					1.0
				]
			],
			[
				[
					1.0,
					1.0,
					1.0
				],
				[
					1.0,
					1.0,
					1.0
				]
			],
			[
				[
					1.0,
					1.0,
					1.0
				],
				[
					1.0,
					1.0,
					1.0
				]
			],
			[
				[
					1.0,
					1.0,
					1.0
				],
				[
					1.0,
					1.0,
					1.0
				]
			]
		],
		[
			[
				[
					1.0,
					1.0,
					1.0
				],
				[
					1.0,
					1.0,
					1.0
				]
			],
			[
				[
					1.0,
					1.0,
					1.0
				],
				[
					1.0,
					1.0,
					1.0
				]
			],
			[
				[
					1.0,
					1.0,
					1.0
				],
				[
					1.0,
					1.0,
					1.0
				]
			],
			[
				[
					1.0,
					1.0,
					1.0
				],
				[
					1.0,
					1.0,
					1.0
				]
			]
		],
		[
			[
				[
					1.0,
					1.0,
					1.0
				],
				[
					1.0,
					1.0,
					1.0
				]
			],
			[
				[
					1.0,
					1.0,
					1.0
				],
				[
					1.0,
					1.0,
					1.0
				]
			],
			[
				[
					0.75,
					0.875,
					0.75
				],
				[
					1.0,
					1.0,
					1.0
				]
			],
			[
				[
					0.5,
					1.0,
					0.5
				],
				[
					1.0,
					1.0,
					1.0
				]
			]
		]
	]
}